meta_pmid,study_pmid,,,,,
36100907,29432769,,,,,
36100907,29723244,,,,,
36100907,28287194,,,,,
36100907,22453299,,,,,
36100907,19538748,,,,,
36100907,23155380,,,,,
36100907,26347628,,,,,
36100907,16038682,,,,,
36100907,21118656,,,,,
36100907,19794316,,,,,
36100907,17923164,,,,,
36100907,23021615,,,,,
36100907,17825801,,,,,
36100907,21418787,,,,,
36100907,16838824,,,,,
36100907,19942229,,,,,
36100907,28549317,,,,,
36100907,23776553,,,,,
36100907,32490056,,,,,
36100907,22952599,,,,,
36100907,26952803,,,,,
36100907,21710131,,,,,
36100907,12853571,,,,,
36100907,21498053,,,,,
36100907,29740753,,,,,
36436737,29432769,,,,,
36436737,29723244,,,,,
36436737,29582502,,,,,
36436737,29097704,,,,,
36436737,30154703,,,,,
36436737,29890323,,,,,
36436737,29760183,,,,,
36436737,29740753,,,,,
36436737,27496338,,,,,
36436737,27576746,,,,,
36436737,27510495,,,,,
36436737,27494142,,,,,
36436737,27375449,,,,,
36436737,27319001,,,,,
36436737,29777673,,,,,
36436737,27095057,,,,,
36436737,26969865,,,,,
36436737,26892859,,,,,
36436737,26746179,,,,,
36436737,26567160,,,,,
36436737,26505303,,,,,
36436737,26417673,,,,,
36436737,26385612,,,,,
36436737,26342221,,,,,
36436737,26323252,,,,,
36436737,26301900,,,,,
36436737,26254589,,,,,
36436737,26235682,,,,,
36436737,26117505,,,,,
36436737,25697049,,,,,
36436737,25534111,,,,,
36436737,25315788,,,,,
36436737,25281889,,,,,
36436737,25118071,,,,,
36436737,25042446,,,,,
36436737,24936688,,,,,
36436737,24842782,,,,,
36436737,24825504,,,,,
36436737,24726338,,,,,
36436737,24700584,,,,,
36436737,24652858,,,,,
36436737,24633532,,,,,
36436737,24243619,,,,,
36436737,23813661,,,,,
36436737,23740868,,,,,
36436737,23684882,,,,,
36436737,23620602,,,,,
36436737,23460073,,,,,
36436737,22848759,,,,,
36436737,22841755,,,,,
36436737,22726841,,,,,
36436737,22174872,,,,,
36436737,22019860,,,,,
36436737,21955370,,,,,
36436737,21940454,,,,,
36436737,21908447,,,,,
36436737,21849560,,,,,
36436737,21664277,,,,,
36436737,21606658,,,,,
36436737,21600991,,,,,
36436737,21569855,,,,,
36436737,21320516,,,,,
36436737,21249224,,,,,
36436737,20705602,,,,,
36436737,20534459,,,,,
36436737,20096792,,,,,
36436737,20056152,,,,,
36436737,20045478,,,,,
36436737,19944083,,,,,
36436737,19439183,,,,,
36436737,18633846,,,,,
36436737,18633834,,,,,
36436737,18985119,,,,,
36436737,18985118,,,,,
36436737,29771359,,,,,
36436737,18783371,,,,,
36436737,14568477,,,,,
36436737,30852995,,,,,
36436737,17986835,,,,,
36436737,17627852,,,,,
36436737,17404215,,,,,
36436737,16035037,,,,,
36436737,16759672,,,,,
36436737,16171833,,,,,
36436737,17071110,,,,,
36436737,18370602,,,,,
36436737,16055351,,,,,
36436737,15701234,,,,,
36436737,18439411,,,,,
36436737,18514546,,,,,
36436737,15528097,,,,,
36436737,15006683,,,,,
36436737,11850635,,,,,
36436737,11496124,,,,,
36436737,28008075,,,,,
36436737,24666131,,,,,
36436737,24582805,,,,,
36436737,23876243,,,,,
36436737,22125232,,,,,
36436737,30930310,,,,,
36436737,19304843,,,,,
36436737,19347874,,,,,
36436737,31598216,,,,,
36436737,30077577,,,,,
36436737,30658938,,,,,
36436737,27716474,,,,,
36436737,31090126,,,,,
36436737,30272134,,,,,
36436737,19136216,,,,,
36436737,31783116,,,,,
36436737,17408704,,,,,
36436737,21206532,,,,,
36436737,20119878,,,,,
36436737,31142792,,,,,
36436737,31056647,,,,,
36436737,15808992,,,,,
36436737,29330483,,,,,
36436737,30056560,,,,,
36436737,29324862,,,,,
36436737,30349467,,,,,
36436737,29265483,,,,,
36436737,28905269,,,,,
36436737,29073111,,,,,
36436737,28931014,,,,,
36436737,28504911,,,,,
36436737,29476765,,,,,
36436737,29221830,,,,,
36436737,28477977,,,,,
36436737,28338962,,,,,
36436737,29039129,,,,,
36436737,28242678,,,,,
36436737,27856343,,,,,
36436737,27803286,,,,,
36436737,27568587,,,,,
36436737,27798249,,,,,
36436737,27622781,,,,,
36436737,27266443,,,,,
36436737,27458363,,,,,
36436737,27477020,,,,,
36436737,27528669,,,,,
36436737,22563005,,,,,
36436737,20188182,,,,,
36436737,20071521,,,,,
36436737,22661409,,,,,
36436737,26143208,,,,,
36436737,24084068,,,,,
36436737,30649548,,,,,
36436737,26803059,,,,,
36436737,26656563,,,,,
36436737,26608245,,,,,
36436737,26604273,,,,,
36436737,26598684,,,,,
36436737,26481048,,,,,
36436737,26365506,,,,,
36436737,26337369,,,,,
36436737,26262561,,,,,
36436737,26206505,,,,,
36436737,26168793,,,,,
36436737,25944965,,,,,
36436737,25996424,,,,,
36436737,25929599,,,,,
36436737,25729358,,,,,
36436737,25716010,,,,,
36436737,25640962,,,,,
36436737,25298009,,,,,
36436737,29077925,,,,,
36436737,25911123,,,,,
36436737,23599165,,,,,
36436737,23574585,,,,,
36436737,23508477,,,,,
36436737,23482624,,,,,
36436737,23378834,,,,,
36436737,23327932,,,,,
36436737,23298748,,,,,
36436737,23249349,,,,,
36436737,23063451,,,,,
36436737,22956840,,,,,
36436737,22349798,,,,,
36436737,22019860,,,,,
36436737,21864459,,,,,
36436737,25088911,,,,,
36436737,24814646,,,,,
36436737,24583253,,,,,
36436737,24639542,,,,,
36436737,24772075,,,,,
36436737,24462962,,,,,
36436737,24824165,,,,,
36436737,24294841,,,,,
36436737,24414614,,,,,
36436737,24834034,,,,,
36436737,21862446,,,,,
36436737,21703352,,,,,
36436737,15488424,,,,,
36436737,16122944,,,,,
36436737,16406606,,,,,
36436737,18633856,,,,,
36436737,19733672,,,,,
36436737,18501639,,,,,
36436737,17964185,,,,,
36436737,18486491,,,,,
36436737,20188190,,,,,
36436737,19015088,,,,,
36436737,18633788,,,,,
36436737,19048432,,,,,
36436737,18537114,,,,,
36436737,19199417,,,,,
36436737,18585742,,,,,
36436737,18603608,,,,,
36436737,20350171,,,,,
36436737,20350187,,,,,
36436737,18313858,,,,,
36436737,19107754,,,,,
36436737,11352615,,,,,
36436737,10607399,,,,,
36436737,22360624,,,,,
36436737,23435496,,,,,
36436737,14980212,,,,,
36436737,24097375,,,,,
36436737,23221019,,,,,
36436737,29079809,,,,,
36436737,24294906,,,,,
36436737,24068815,,,,,
36436737,24051621,,,,,
36436737,23988759,,,,,
36436737,23887810,,,,,
36436737,23722983,,,,,
36436737,23720575,,,,,
36436737,23696200,,,,,
36436737,23667619,,,,,
36436737,27236373,,,,,
36436737,27165762,,,,,
36436737,27096431,,,,,
36436737,27090501,,,,,
36436737,27039141,,,,,
36436737,27007121,,,,,
36436737,26920683,,,,,
36436737,26908320,,,,,
36436737,26812250,,,,,
36436737,27217118,,,,,
36115222,21383264,,,,,
36115222,21281718,,,,,
36115222,18165464,,,,,
36115222,23142417,,,,,
36115222,25988724,,,,,
36115222,21338692,,,,,
36115222,24633558,,,,,
36115222,25637267,,,,,
36115222,14706428,,,,,
36115222,24496784,,,,,
36115222,19707568,,,,,
36115222,17047671,,,,,
36115222,26364127,,,,,
36115222,24478673,,,,,
36115222,21592680,,,,,
36115222,20817105,,,,,
36115222,21599718,,,,,
36115222,27793597,,,,,
36115222,25385625,,,,,
36115222,11822992,,,,,
36115222,25090480,,,,,
36115222,24832823,,,,,
36115222,17004938,,,,,
36115222,22178355,,,,,
36115222,25090480,,,,,
36115222,24741043,,,,,
36115222,24179800,,,,,
36115222,21691942,,,,,
36115222,25125263,,,,,
36115222,27500453,,,,,
36115222,24086317,,,,,
36115222,24090712,,,,,
36115222,24961260,,,,,
36115222,17951002,,,,,
36115222,22076160,,,,,
36115222,15982446,,,,,
36115222,21909705,,,,,
36115222,20875635,,,,,
36115222,24140937,,,,,
36115222,20731627,,,,,
36115222,22386968,,,,,
36115222,19531112,,,,,
36115222,21310189,,,,,
36115222,16369836,,,,,
36115222,24342420,,,,,
36115222,15607838,,,,,
36115222,17088334,,,,,
36115222,23149031,,,,,
36115222,22445480,,,,,
36115222,22391134,,,,,
36115222,21383264,,,,,
36115222,27126701,,,,,
36115222,29881337,,,,,
36115222,23352851,,,,,
36115222,21078704,,,,,
36115222,18187528,,,,,
36115222,28887180,,,,,
36115222,20096794,,,,,
36115222,24483366,,,,,
36115222,29065207,,,,,
36115222,17299505,,,,,
36115222,25990865,,,,,
36115222,18801475,,,,,
36115222,25123156,,,,,
36115222,23072363,,,,,
36115222,22270405,,,,,
36115222,23726981,,,,,
36115222,27575491,,,,,
36115222,25051341,,,,,
36115222,25727574,,,,,
36115222,22717339,,,,,
36115222,23190458,,,,,
36115222,26094186,,,,,
36115222,26078198,,,,,
36115222,24793365,,,,,
36115222,28150390,,,,,
36115222,28720860,,,,,
36115222,22076160,,,,,
36115222,28824470,,,,,
36115222,19775795,,,,,
36115222,20699124,,,,,
36115222,28992531,,,,,
32078973,21766170,,,,,
32078973,21451019,,,,,
32078973,19211872,,,,,
32078973,21325535,,,,,
32078973,24474790,,,,,
32078973,23982589,,,,,
32078973,22339607,,,,,
32078973,18295984,,,,,
32078973,17475792,,,,,
32078973,15130588,,,,,
32078973,28686139,,,,,
32078973,29408323,,,,,
32078973,29408524,,,,,
32078973,23041528,,,,,
32078973,21933719,,,,,
32078973,19524531,,,,,
32078973,25277841,,,,,
32078973,23345243,,,,,
32078973,18572984,,,,,
32078973,23313780,,,,,
32078973,25798082,,,,,
32078973,19812332,,,,,
32078973,28429160,,,,,
32078973,22309791,,,,,
32078973,15795134,,,,,
32078973,24137106,,,,,
32078973,22994937,,,,,
32078973,11239442,,,,,
32078973,20877644,,,,,
32078973,26176860,,,,,
32078973,22250647,,,,,
32078973,16778890,,,,,
32078973,23773952,,,,,
32078973,23723089,,,,,
32078973,23536092,,,,,
32078973,26500486,,,,,
32078973,16033924,,,,,
32078973,25632132,,,,,
32078973,10731225,,,,,
32078973,19576868,,,,,
32078973,15327927,,,,,
32078973,23365248,,,,,
32078973,20357071,,,,,
32078973,27620345,,,,,
32078973,18981414,,,,,
32078973,27623361,,,,,
32078973,15588617,,,,,
32078973,23148798,,,,,
32078973,22707378,,,,,
32078973,24867804,,,,,
32078973,23644912,,,,,
32078973,26780575,,,,,
32078973,30133446,,,,,
32078973,24754451,,,,,
32078973,21995446,,,,,
32078973,23476024,,,,,
32078973,24317375,,,,,
32078973,28164168,,,,,
32078973,25206656,,,,,
32078973,22922368,,,,,
32078973,25112281,,,,,
32078973,15483614,,,,,
32078973,16785427,,,,,
32078973,21334351,,,,,
32078973,19587274,,,,,
32078973,20472072,,,,,
32078973,16339445,,,,,
32078973,25067816,,,,,
32078973,15800185,,,,,
32078973,16504951,,,,,
32078973,26071624,,,,,
32078973,18612380,,,,,
32078973,23355606,,,,,
32078973,25100220,,,,,
32078973,21555079,,,,,
32078973,20032247,,,,,
32078973,21106817,,,,,
32078973,23392532,,,,,
32078973,23966584,,,,,
32078973,28131889,,,,,
32078973,24607236,,,,,
32078973,14700259,,,,,
32078973,31634665,,,,,
32078973,28131862,,,,,
32078973,24355752,,,,,
32078973,27177981,,,,,
32078973,18787233,,,,,
32078973,19015090,,,,,
32078973,27975159,,,,,
32078973,16959497,,,,,
32078973,20032238,,,,,
32078973,20301345,,,,,
32078973,28413776,,,,,
32078973,24367286,,,,,
32078973,25281799,,,,,
32078973,21741443,,,,,
32078973,24857827,,,,,
32078973,25819606,,,,,
32078973,18727234,,,,,
32078973,28129057,,,,,
32078973,27989774,,,,,
32078973,20138482,,,,,
32078973,19879367,,,,,
32078973,25055179,,,,,
32078973,20505110,,,,,
32078973,12944524,,,,,
32078973,27591399,,,,,
32078973,15784440,,,,,
32078973,15184037,,,,,
32078973,12655327,,,,,
32078973,11906224,,,,,
32078973,11133312,,,,,
32078973,11751032,,,,,
32078973,12062884,,,,,
32078973,17949691,,,,,
32078973,12948701,,,,,
32078973,12513946,,,,,
32078973,23707590,,,,,
32078973,26510176,,,,,
32078973,18045902,,,,,
32078973,20805539,,,,,
32078973,26640434,,,,,
32078973,26269638,,,,,
32078973,18582578,,,,,
32078973,26076493,,,,,
32078973,21864197,,,,,
32078973,21354189,,,,,
32078973,26238384,,,,,
32078973,28250149,,,,,
32078973,25498405,,,,,
32078973,18375149,,,,,
32078973,18804540,,,,,
32078973,21534685,,,,,
32078973,24298242,,,,,
32078973,10860790,,,,,
32078973,27001826,,,,,
32078973,17274020,,,,,
32078973,25698984,,,,,
32078973,18997791,,,,,
32078973,20188198,,,,,
32078973,12802176,,,,,
32078973,26052943,,,,,
32078973,18710652,,,,,
32078973,26879047,,,,,
32078973,19897796,,,,,
32078973,23684860,,,,,
32078973,22486330,,,,,
32078973,18842669,,,,,
32078973,16971537,,,,,
32078973,15795135,,,,,
32078973,22194728,,,,,
32078973,31019695,,,,,
